"journalTitle","count"
"PLoS One",1441
"Sci Rep",1303
"BMC Genomics",625
"Nucleic Acids Res",411
"Mol Med Rep",375
"Int J Mol Sci",372
"Oncotarget",366
"Front Microbiol",359
"BMC Bioinformatics",345
"Oncol Lett",313
"Nat Commun",303
"Front Genet",286
"Biomed Res Int",270
"Mol Cell Proteomics",268
"Bioinformatics",252
"Front Plant Sci",240
"BMC Syst Biol",231
"PeerJ",226
"PLoS Comput Biol",190
"Med Sci Monit",174
"Proc Natl Acad Sci U S A",174
"Evid Based Complement Alternat Med",173
"Aging (Albany NY)",159
"Front Pharmacol",145
"BMC Plant Biol",143
"Genes (Basel)",138
"Genome Biol",137
"PLoS Genet",130
"Exp Ther Med",124
"Front Oncol",120
"Medicine (Baltimore)",119
"Onco Targets Ther",117
"Front Immunol",116
"Elife",108
"Mol Syst Biol",108
"Cell Rep",107
"J Biol Chem",96
"Biosci Rep",95
"BMC Med Genomics",91
"ISME J",88
"Oncol Rep",87
"Cancer Cell Int",84
"Database (Oxford)",84
"Int J Mol Med",84
"J Cell Mol Med",83
"Microbiome",83
"Cell",80
"F1000Res",80
"J Transl Med",80
"Genome Res",78
"Front Physiol",77
"J Cancer",76
"Molecules",76
"J Proteome Res",74
"G3 (Bethesda)",68
"Cancers (Basel)",67
"mBio",65
"mSystems",62
"Appl Environ Microbiol",61
"PLoS Pathog",61
"BMC Cancer",60
"Methods Mol Biol",59
"Cells",58
"EBioMedicine",56
"Cancer Manag Res",54
"Cell Death Dis",53
"Am J Transl Res",52
"Ann Transl Med",50
"Brief Bioinform",49
"Nature",49
"J Exp Bot",48
"Cancer Med",46
"Proteomics",44
"Int J Oncol",43
"Zhongguo Zhong Yao Za Zhi",43
"Data Brief",42
"Gastroenterol Hepatol Bed Bench",42
"Microorganisms",42
"Front Cell Infect Microbiol",41
"Biomolecules",40
"Genome Biol Evol",40
"J Virol",40
"Mar Drugs",40
"PLoS Negl Trop Dis",39
"Biochemistry",38
"Front Bioeng Biotechnol",38
"JCI Insight",38
"PLoS Biol",38
"BMC Microbiol",37
"J Cell Biochem",37
"Bioinformation",36
"Cancer Res",36
"EMBO J",36
"Genome Med",36
"Int J Clin Exp Pathol",36
"Mol Ther Nucleic Acids",36
"BMC Res Notes",35
"Front Neurosci",34
"Metabolites",33
"FEBS Open Bio",32
"Front Mol Neurosci",32
"Nat Genet",32
"Sci Signal",32
"Cell Cycle",31
"Comput Struct Biotechnol J",31
"Gene",31
"Hortic Res",31
"Proteome Sci",31
"Viruses",31
"World J Gastroenterol",31
"BioData Min",30
"Mol Biol Evol",30
"Sci Adv",30
"Transl Psychiatry",30
"Biotechnol Biofuels",29
"Hum Mol Genet",29
"J Clin Med",29
"Oxid Med Cell Longev",29
"Theranostics",29
"Front Endocrinol (Lausanne)",28
"Physiol Genomics",28
"BMC Evol Biol",27
"Chin Med",27
"Gigascience",27
"J Clin Invest",27
"Animals (Basel)",26
"Int J Biol Sci",26
"J Proteomics",26
"Front Cell Dev Biol",25
"Genomics Proteomics Bioinformatics",25
"J Cell Biol",25
"Mol Cell",25
"mSphere",25
"Oncogene",25
"Plant Biotechnol J",25
"Cancer Cell",24
"Dis Markers",24
"Eur Rev Med Pharmacol Sci",24
"Genetics",24
"Int J Med Sci",24
"J Immunol",24
"Mol Genet Genomic Med",24
"Bioinform Biol Insights",23
"J Cell Physiol",23
"NPJ Syst Biol Appl",23
"Parasit Vectors",23
"Plants (Basel)",23
"Heliyon",22
"World J Surg Oncol",22
"Cell Syst",21
"Curr Genomics",21
"Int J Genomics",21
"J Comput Biol",21
"Metabolomics",21
"Mol Oncol",21
"Stem Cell Reports",21
"Am J Hum Genet",20
"Blood",20
"Br J Cancer",20
"Genes Dev",20
"J Exp Clin Cancer Res",20
"J Orthop Surg Res",20
"Mol Biol Cell",20
"Nutrients",20
"Stem Cell Res Ther",20
"BMC Biol",19
"BMC Complement Med Ther",19
"Clin Cancer Res",19
"Commun Biol",19
"Genes Nutr",19
"Front Cell Neurosci",18
"J Immunol Res",18
"J Ovarian Res",18
"Nat Immunol",18
"Sci Transl Med",18
"Biol Direct",17
"Cell Host Microbe",17
"DNA Res",17
"Exp Mol Med",17
"J Ethnopharmacol",17
"J Int Med Res",17
"Mol Cancer",17
"Mol Cell Biol",17
"Nat Med",17
"Nat Methods",17
"RNA Biol",17
"Aging Cell",16
"BMC Complement Altern Med",16
"Cancer Inform",16
"Cell Res",16
"Development",16
"Drug Des Devel Ther",16
"Ecol Evol",16
"J Biomed Semantics",16
"J Neurosci",16
"Mol Biosyst",16
"Mol Neurobiol",16
"OMICS",16
"Sci Data",16
"Thorac Cancer",16
"Toxins (Basel)",16
"ACS Chem Biol",15
"ACS Omega",15
"Arthritis Res Ther",15
"Autophagy",15
"BMC Genet",15
"Clin Proteomics",15
"Comput Math Methods Med",15
"Curr Protoc Bioinformatics",15
"Dev Cell",15
"FASEB J",15
"iScience",15
"J Exp Med",15
"Toxicol Sci",15
"Dis Model Mech",14
"EMBO Rep",14
"Front Aging Neurosci",14
"Hum Genomics",14
"Mediators Inflamm",14
"Mol Brain",14
"Nat Biotechnol",14
"Nat Microbiol",14
"Neural Regen Res",14
"Rice (N Y)",14
"RNA",14
"3 Biotech",13
"Acta Neuropathol Commun",13
"BMC Infect Dis",13
"Breast Cancer Res",13
"Cell Stem Cell",13
"Clin Epigenetics",13
"Genet Mol Res",13
"Infect Immun",13
"Int J Chron Obstruct Pulmon Dis",13
"J Bacteriol",13
"J Cheminform",13
"J Extracell Vesicles",13
"J Lasers Med Sci",13
"Mol Metab",13
"Protein Sci",13
"Respir Res",13
"Technol Cancer Res Treat",13
"Virol J",13
"Acta Pharmacol Sin",12
"Biol Res",12
"Biomed Rep",12
"Cancer Sci",12
"Cell Commun Signal",12
"Epigenetics",12
"J Mol Biol",12
"J Thorac Dis",12
"Life Sci Alliance",12
"Microbiologyopen",12
"Mol Cancer Res",12
"Mol Neurodegener",12
"Nat Chem Biol",12
"Oncoimmunology",12
"Plant J",12
"Am J Cancer Res",11
"AMB Express",11
"Asian Pac J Cancer Prev",11
"Biol Reprod",11
"BMC Med Genet",11
"Cell Physiol Biochem",11
"Genomics",11
"Hereditas",11
"Hum Genet",11
"Immunity",11
"Int J Clin Exp Med",11
"J Chem Inf Model",11
"Microb Biotechnol",11
"Mol Autism",11
"Nan Fang Yi Ke Da Xue Xue Bao",11
"Neuropsychiatr Dis Treat",11
"Science",11
"Theor Biol Med Model",11
"Anal Chem",10
"Asian-Australas J Anim Sci",10
"Biol Open",10
"Cell Biosci",10
"Cell Metab",10
"Cell Stress Chaperones",10
"Comb Chem High Throughput Screen",10
"EMBO Mol Med",10
"Environ Health Perspect",10
"Front Mol Biosci",10
"Genom Data",10
"Int J Environ Res Public Health",10
"Int J Nanomedicine",10
"J Am Med Inform Assoc",10
"J Am Soc Nephrol",10
"J Biomed Inform",10
"J Neuroinflammation",10
"Methods",10
"Mol Ecol",10
"Mol Med",10
"Nat Protoc",10
"Pac Symp Biocomput",10
"Pathol Res Pract",10
"Physiol Mol Biol Plants",10
"Redox Biol",10
"Brain Behav",9
"Comput Biol Chem",9
"CPT Pharmacometrics Syst Pharmacol",9
"Emerg Microbes Infect",9
"Evol Bioinform Online",9
"Genet Mol Biol",9
"J Anim Sci Biotechnol",9
"J Mol Neurosci",9
"J Oncol",9
"Lipids Health Dis",9
"Microb Cell Fact",9
"Mol Psychiatry",9
"Nat Cell Biol",9
"Nat Neurosci",9
"Neuron",9
"NPJ Biofilms Microbiomes",9
"Stem Cells",9
"Toxicol Appl Pharmacol",9
"Adv Bioinformatics",8
"AMIA Jt Summits Transl Sci Proc",8
"Antimicrob Agents Chemother",8
"Arch Med Sci",8
"Biochem Biophys Res Commun",8
"Biochim Biophys Acta",8
"Biophys J",8
"BMC Immunol",8
"BMC Proc",8
"Cancer Biomark",8
"Cell Death Discov",8
"Circ Res",8
"Diabetes Metab Syndr Obes",8
"Diagnostics (Basel)",8
"Endocrinology",8
"Epigenetics Chromatin",8
"Eur J Med Res",8
"Funct Integr Genomics",8
"J Cell Sci",8
"J Lipid Res",8
"J Nat Prod",8
"J Vis Exp",8
"Med Oncol",8
"Mol Biol Rep",8
"Mol Cells",8
"Mol Endocrinol",8
"Philos Trans R Soc Lond B Biol Sci",8
"Physiol Rep",8
"Plant Direct",8
"Proc Biol Sci",8
"Proteomics Clin Appl",8
"Reprod Biol Endocrinol",8
"Source Code Biol Med",8
"Transl Androl Urol",8
"Wiley Interdiscip Rev Syst Biol Med",8
"Am J Physiol Lung Cell Mol Physiol",7
"Am J Respir Crit Care Med",7
"Antioxidants (Basel)",7
"Biochem J",7
"BMC Ophthalmol",7
"Brain",7
"Cancer Discov",7
"Cancer Genomics Proteomics",7
"Cancer Metab",7
"Cell Death Differ",7
"Cell Mol Gastroenterol Hepatol",7
"Chin Med J (Engl)",7
"Circ Cardiovasc Genet",7
"Curr Biol",7
"Diagn Pathol",7
"Dose Response",7
"EURASIP J Bioinform Syst Biol",7
"FEMS Microbiol Ecol",7
"Front Neurol",7
"Front Psychiatry",7
"Genes Brain Behav",7
"Genet Sel Evol",7
"Gut",7
"Heredity (Edinb)",7
"Hum Vaccin Immunother",7
"IEEE/ACM Trans Comput Biol Bioinform",7
"Int J Ophthalmol",7
"J Allergy Clin Immunol",7
"J Biomed Sci",7
"J Clin Bioinforma",7
"J Diabetes Res",7
"J Immunother Cancer",7
"J Infect Dis",7
"J Zhejiang Univ Sci B",7
"Malar J",7
"Neuropsychopharmacology",7
"Oncogenesis",7
"Pathol Oncol Res",7
"R Soc Open Sci",7
"ScientificWorldJournal",7
"Stem Cells Int",7
"Toxicol Res (Camb)",7
"Arch Toxicol",6
"Biology (Basel)",6
"Biomed Pharmacother",6
"BMC Cardiovasc Disord",6
"BMC Med",6
"BMC Nephrol",6
"BMC Neurosci",6
"Br J Pharmacol",6
"Braz J Med Biol Res",6
"Cancer Biol Med",6
"Cancer Biol Ther",6
"Carcinogenesis",6
"Cell Prolif",6
"Chem Res Toxicol",6
"Chin J Integr Med",6
"Clin Transl Med",6
"eNeuro",6
"Evol Appl",6
"Front Med (Lausanne)",6
"Genes Immun",6
"Gut Pathog",6
"Hepatology",6
"Integr Biol (Camb)",6
"J Alzheimers Dis",6
"J Biol Res (Thessalon)",6
"J Biomed Biotechnol",6
"J Cancer Res Clin Oncol",6
"J Cell Commun Signal",6
"J Hematol Oncol",6
"J Invest Dermatol",6
"J Theor Biol",6
"Mol Cell Probes",6
"Mol Omics",6
"Mol Vis",6
"Neoplasia",6
"Neuro Oncol",6
"New Phytol",6
"Noncoding RNA",6
"NPJ Genom Med",6
"Open Biol",6
"Pharm Biol",6
"Pharmaceuticals (Basel)",6
"Protein Cell",6
"Proteomes",6
"Retrovirology",6
"Syst Synth Biol",6
"Adv Sci (Weinh)",5
"AIDS",5
"Algorithms Mol Biol",5
"Am J Physiol Gastrointest Liver Physiol",5
"Am J Physiol Heart Circ Physiol",5
"Basic Clin Neurosci",5
"Biol Sex Differ",5
"Biomaterials",5
"BMC Dev Biol",5
"BMC Pharmacol Toxicol",5
"Bone Joint Res",5
"Cell Chem Biol",5
"Cell Discov",5
"Cell Mol Life Sci",5
"CNS Neurosci Ther",5
"Diabetes",5
"Diabetologia",5
"Environ Microbiol",5
"Environ Sci Technol",5
"Gastroenterology",5
"Gene Regul Syst Bio",5
"Genes Dis",5
"Genome Announc",5
"Genomics Inform",5
"Invest Ophthalmol Vis Sci",5
"J Adv Res",5
"J Am Chem Soc",5
"J Am Heart Assoc",5
"J Anim Sci",5
"J Assist Reprod Genet",5
"J Autoimmun",5
"J Cachexia Sarcopenia Muscle",5
"J Integr Bioinform",5
"J Med Chem",5
"J Med Internet Res",5
"J Mol Cell Cardiol",5
"J Natl Cancer Inst",5
"J Pain Res",5
"J Pharmacol Exp Ther",5
"J R Soc Interface",5
"Leukemia",5
"Methods Enzymol",5
"Mol Cell Biochem",5
"Mol Cytogenet",5
"Mol Nutr Food Res",5
"Mol Plant Pathol",5
"Mucosal Immunol",5
"Nat Ecol Evol",5
"Nat Rev Genet",5
"Neoplasma",5
"Plant Cell Physiol",5
"Plant Signal Behav",5
"Schizophr Bull",5
"Structure",5
"Transl Oncol",5
"Turk J Biol",5
"Vaccines (Basel)",5
"Virulence",5
"Acta Neuropathol",4
"Alcohol Clin Exp Res",4
"Ann Clin Transl Neurol",4
"Ann Neurol",4
"Antioxid Redox Signal",4
"Appl Netw Sci",4
"Arterioscler Thromb Vasc Biol",4
"Biol Psychiatry",4
"Biomark Insights",4
"Blood Cancer J",4
"BMB Rep",4
"BMC Mol Cell Biol",4
"BMC Vet Res",4
"Bone",4
"Brain Res",4
"Breast Cancer Res Treat",4
"Cardiovasc Ther",4
"Cell J",4
"Cell Microbiol",4
"Cell Mol Biol Lett",4
"Chem Biodivers",4
"Chem Sci",4
"Curr Opin Genet Dev",4
"Dev Biol",4
"Dig Dis Sci",4
"DNA Cell Biol",4
"Environ Res",4
"EPMA J",4
"Eukaryot Cell",4
"Expert Rev Proteomics",4
"FEBS Lett",4
"Front Behav Neurosci",4
"Front Cardiovasc Med",4
"Front Vet Sci",4
"Genet Epidemiol",4
"Genet Test Mol Biomarkers",4
"Gut Microbes",4
"Haematologica",4
"Hum Brain Mapp",4
"Hum Mutat",4
"IEEE Trans Vis Comput Graph",4
"Indian J Microbiol",4
"Infect Drug Resist",4
"Int J Cancer",4
"Int J Endocrinol",4
"Int J Neurosci",4
"Int J Oral Sci",4
"Int J Proteomics",4
"Interdiscip Sci",4
"Iran J Pharm Res",4
"IUBMB Life",4
"J Biomol Struct Dyn",4
"J Bone Oncol",4
"J BUON",4
"J Cardiovasc Transl Res",4
"J Clin Lab Anal",4
"J Gerontol A Biol Sci Med Sci",4
"J Ginseng Res",4
"J Pathol",4
"Life Sci",4
"Med Sci Monit Basic Res",4
"Methods Cell Biol",4
"Microb Cell",4
"Microb Genom",4
"Microb Pathog",4
"Microbes Environ",4
"Mol Cancer Ther",4
"Mol Microbiol",4
"Mol Ther",4
"Mol Ther Oncolytics",4
"Nanomaterials (Basel)",4
"Neurobiol Aging",4
"Open Forum Infect Dis",4
"Pathogens",4
"Plant Mol Biol",4
"Proteins",4
"Ren Fail",4
"Skelet Muscle",4
"Stem Cells Dev",4
"Syst Biol",4
"Vet Res",4
"Virology",4
"Wellcome Open Res",4
"Zhong Yao Cai",4
"Acta Biochim Biophys Sin (Shanghai)",3
"Acta Pharm Sin B",3
"Adv Appl Bioinform Chem",3
"Age (Dordr)",3
"Alzheimers Dement",3
"Am J Med Genet B Neuropsychiatr Genet",3
"Am J Nephrol",3
"Am J Obstet Gynecol",3
"Am J Pathol",3
"Am J Physiol Cell Physiol",3
"Am J Physiol Renal Physiol",3
"Am J Respir Cell Mol Biol",3
"AMIA Annu Symp Proc",3
"Anal Cell Pathol (Amst)",3
"Ann Rheum Dis",3
"Anticancer Res",3
"Arch Oral Biol",3
"Arthritis Rheumatol",3
"Atherosclerosis",3
"Biochem Biophys Rep",3
"Biochem Res Int",3
"Biomedicines",3
"Biophys Rev",3
"Biosystems",3
"Birth Defects Res",3
"Blood Adv",3
"BMC Neurol",3
"BMC Pharmacol",3
"BMC Struct Biol",3
"Br J Nutr",3
"Cancer Control",3
"Cancer Genet",3
"Cancer Lett",3
"Chem Rev",3
"Chembiochem",3
"Chemosphere",3
"Chin J Cancer",3
"Circulation",3
"Clin Pharmacol Ther",3
"Clin Transl Sci",3
"CNS Neurol Disord Drug Targets",3
"Cold Spring Harb Protoc",3
"Conf Proc IEEE Eng Med Biol Soc",3
"Crit Care",3
"Curr Top Med Chem",3
"Cytokine",3
"Dev Neurobiol",3
"DNA Repair (Amst)",3
"Environ Toxicol Chem",3
"Epigenomics",3
"EuPA Open Proteom",3
"Eur J Gynaecol Oncol",3
"Eur J Hum Genet",3
"Exp Biol Med (Maywood)",3
"Front Chem",3
"Front Pediatr",3
"Front Psychol",3
"Front Zool",3
"Future Sci OA",3
"Gastroenterol Res Pract",3
"Geroscience",3
"Hepatol Commun",3
"Immunol Rev",3
"In Silico Biol",3
"Int Immunopharmacol",3
"Int J Clin Oncol",3
"Int J Comput Biol Drug Des",3
"Int J Data Min Bioinform",3
"Int J Epidemiol",3
"Int J Evol Biol",3
"Int J Plant Genomics",3
"Int J Stem Cells",3
"Invest New Drugs",3
"Iran Biomed J",3
"Iran J Basic Med Sci",3
"Iran J Child Neurol",3
"J Am Soc Mass Spectrom",3
"J Antibiot (Tokyo)",3
"J Appl Genet",3
"J Bioinform Comput Biol",3
"J Biol Eng",3
"J Cancer Res Ther",3
"J Clin Endocrinol Metab",3
"J Clin Oncol",3
"J Diabetes Investig",3
"J Ind Microbiol Biotechnol",3
"J Med Libr Assoc",3
"J Mol Cell Biol",3
"J Mol Endocrinol",3
"J Struct Funct Genomics",3
"J Urol",3
"JBMR Plus",3
"Kidney Blood Press Res",3
"Kidney Int",3
"Lancet",3
"Life (Basel)",3
"Mem Inst Oswaldo Cruz",3
"Microb Inform Exp",3
"Microbiology (Reading)",3
"Mob DNA",3
"Mol Carcinog",3
"Mol Clin Oncol",3
"Mol Genet Genomics",3
"Mol Inform",3
"Mol Pharmacol",3
"Nat Metab",3
"Nat Struct Mol Biol",3
"Neural Plast",3
"Neurochem Res",3
"Neuroimage",3
"Neurol Neuroimmunol Neuroinflamm",3
"Neurooncol Adv",3
"NPJ Regen Med",3
"NPJ Schizophr",3
"Nutr Metab (Lond)",3
"Oncologist",3
"Osteoporos Int",3
"Pancreas",3
"Part Fibre Toxicol",3
"Pharmacogenomics J",3
"Pharmacotherapy",3
"Phytomedicine",3
"Plant Methods",3
"Proceedings (IEEE Int Conf Bioinformatics Biomed)",3
"Scand J Immunol",3
"Transl Lung Cancer Res",3
"Tumour Biol",3
"Virol Sin",3
"World J Gastrointest Oncol",3
"Yao Xue Xue Bao",3
"Zhonghua Liu Xing Bing Xue Za Zhi",3
"Zool Res",3
"ACM BCB",2
"ACR Open Rheumatol",2
"ACS Infect Dis",2
"ACS Med Chem Lett",2
"Adv Wound Care (New Rochelle)",2
"Ageing Res Rev",2
"Alcohol",2
"Allergy",2
"Alzheimers Dement (Amst)",2
"Alzheimers Res Ther",2
"Am J Clin Exp Urol",2
"Am J Physiol Endocrinol Metab",2
"Am J Physiol Regul Integr Comp Physiol",2
"Anal Bioanal Chem",2
"Anatol J Cardiol",2
"Andrologia",2
"Ann Bot",2
"Ann Hepatol",2
"Ann Hum Genet",2
"Ann N Y Acad Sci",2
"Antibiotics (Basel)",2
"Anticancer Drugs",2
"Antiviral Res",2
"Arch Gynecol Obstet",2
"Arch Virol",2
"ASN Neuro",2
"Avicenna J Med Biotechnol",2
"Beijing Da Xue Xue Bao Yi Xue Ban",2
"Biochem Pharmacol",2
"Biogerontology",2
"Bioimpacts",2
"Biotechnol Bioeng",2
"BJU Int",2
"BMC Biochem",2
"BMC Biotechnol",2
"BMC Ecol",2
"BMC Med Inform Decis Mak",2
"BMC Oral Health",2
"BMC Urol",2
"BMJ Open",2
"BMJ Open Gastroenterol",2
"Brain Behav Immun",2
"Brain Sci",2
"Braz J Microbiol",2
"Brief Funct Genomics",2
"Cancer Epidemiol Biomarkers Prev",2
"Cancer Gene Ther",2
"Cardiol Res Pract",2
"Cardiovasc Diabetol",2
"Cell Adh Migr",2
"Cell Biochem Biophys",2
"Cell Mol Biol (Noisy-le-grand)",2
"Cell Signal",2
"Cell Transplant",2
"Cereb Cortex",2
"Chem Biol",2
"Chem Biol Interact",2
"Chin Herb Med",2
"Chin J Cancer Res",2
"Chin J Nat Med",2
"Circ Genom Precis Med",2
"Clin Interv Aging",2
"Clin Rheumatol",2
"Clin Vaccine Immunol",2
"Comp Funct Genomics",2
"Comput Methods Programs Biomed",2
"Crit Care Med",2
"Crit Rev Eukaryot Gene Expr",2
"Curr Eye Res",2
"Curr Med Sci",2
"Curr Opin Microbiol",2
"Curr Pharm Des",2
"Cytometry A",2
"Diabetes Care",2
"Dialogues Clin Neurosci",2
"Discov Med",2
"Drug Dev Ind Pharm",2
"Drug Discov Today",2
"Drug Res (Stuttg)",2
"Emerg Infect Dis",2
"Endocr Metab Immune Disord Drug Targets",2
"Endocr Pathol",2
"Environ Health",2
"Environ Sci Eur",2
"Environ Sci Pollut Res Int",2
"Eur J Cancer",2
"Eur J Cancer Prev",2
"Eur J Immunol",2
"Eur J Med Chem",2
"Eur J Neurosci",2
"Eur J Obstet Gynecol Reprod Biol",2
"Eur J Pharmacol",2
"Evolution",2
"Exp Clin Endocrinol Diabetes",2
"Exp Mol Pathol",2
"Exp Neurobiol",2
"Exp Neurol",2
"Exp Oncol",2
"Expert Opin Ther Targets",2
"FASEB Bioadv",2
"FEMS Microbiol Lett",2
"Food Funct",2
"Food Sci Nutr",2
"Foods",2
"Front Hum Neurosci",2
"Front Neuroanat",2
"Front Neuroinform",2
"Front Nutr",2
"Front Syst Neurosci",2
"Future Med Chem",2
"Future Oncol",2
"Gene Expr",2
"Gene X",2
"Genes Cancer",2
"Genes Chromosomes Cancer",2
"Genes Genomics",2
"Gland Surg",2
"Glia",2
"Gynecol Oncol",2
"Health Res Policy Syst",2
"Hepat Mon",2
"Histochem Cell Biol",2
"Horm Behav",2
"IET Syst Biol",2
"ILAR J",2
"Immunol Cell Biol",2
"Immunome Res",2
"Indian J Pharmacol",2
"Infect Dis Poverty",2
"Inflamm Bowel Dis",2
"Inflammation",2
"Inform Med Unlocked",2
"Innate Immun",2
"Insects",2
"Int J Biol Macromol",2
"Int J Endocrinol Metab",2
"Int J Food Microbiol",2
"Int J Immunopathol Pharmacol",2
"Int J Mass Spectrom",2
"Integr Cancer Ther",2
"ISRN Bioinform",2
"J Am Assoc Lab Anim Sci",2
"J Antimicrob Chemother",2
"J Appl Oral Sci",2
"J Appl Physiol (1985)",2
"J Biol",2
"J Biol Phys",2
"J Biomed Discov Collab",2
"J Breast Cancer",2
"J Cent Nerv Syst Dis",2
"J Cereb Blood Flow Metab",2
"J Chromatogr B Analyt Technol Biomed Life Sci",2
"J Comp Neurol",2
"J Comput Aided Mol Des",2
"J Dig Dis",2
"J Endocr Soc",2
"J Fungi (Basel)",2
"J Gastrointest Oncol",2
"J Genet Eng Biotechnol",2
"J Heart Lung Transplant",2
"J Histochem Cytochem",2
"J Integr Neurosci",2
"J Interferon Cytokine Res",2
"J Med Genet",2
"J Med Virol",2
"J Mol Med (Berl)",2
"J Neurochem",2
"J Neuroendocrinol",2
"J Neuroimmune Pharmacol",2
"J Neurotrauma",2
"J Nutr",2
"J Nutr Biochem",2
"J Obstet Gynaecol Res",2
"J Pharm Biomed Anal",2
"J Renin Angiotensin Aldosterone Syst",2
"J Res Med Sci",2
"J Steroid Biochem Mol Biol",2
"J Surg Res",2
"J Tradit Chin Med",2
"J Vet Med Sci",2
"J Vet Sci",2
"JMIR Med Inform",2
"Korean J Physiol Pharmacol",2
"Lab Invest",2
"Med Sci (Basel)",2
"Metab Eng",2
"Metallomics",2
"Microbiol Mol Biol Rev",2
"Mitochondrion",2
"Mol Biochem Parasitol",2
"Mol Cell Endocrinol",2
"Mol Divers",2
"Mol Genet Metab",2
"Mol Hum Reprod",2
"Mol Pain",2
"Mol Plant",2
"Mutat Res",2
"Nephrology (Carlton)",2
"Neurobiol Dis",2
"Neurosci Bull",2
"Neuroscience",2
"Neurotherapeutics",2
"Neurotoxicology",2
"NPJ Breast Cancer",2
"Oncoscience",2
"Orphanet J Rare Dis",2
"Orthop Surg",2
"Osteoarthritis Cartilage",2
"Pain",2
"Parkinsons Dis",2
"Pediatr Res",2
"Plant Pathol J",2
"Plant Physiol",2
"Planta",2
"Planta Med",2
"Probiotics Antimicrob Proteins",2
"Psychiatry Investig",2
"Psychopharmacology (Berl)",2
"Pulm Circ",2
"Radiat Oncol",2
"Radiat Res",2
"Rejuvenation Res",2
"Reprod Fertil Dev",2
"Reprod Sci",2
"Res Rep Health Eff Inst",2
"Respirology",2
"Saudi J Biol Sci",2
"Saudi Pharm J",2
"Sci Total Environ",2
"Scientifica (Cairo)",2
"Semin Nephrol",2
"Sheng Wu Yi Xue Gong Cheng Xue Za Zhi",2
"Sichuan Da Xue Xue Bao Yi Xue Ban",2
"Sleep",2
"Springerplus",2
"Stand Genomic Sci",2
"Stem Cell Res",2
"Stem Cell Rev Rep",2
"Stem Cells Transl Med",2
"Talanta",2
"Ther Adv Chronic Dis",2
"Thorax",2
"Toxicol In Vitro",2
"Toxicology",2
"Transl Cancer Res",2
"Transl Neurosci",2
"Transl Res",2
"Transl Vis Sci Technol",2
"Trends Genet",2
"Tumori",2
"Vascular",2
"Viral Immunol",2
"Virus Res",2
"Water Res",2
"World J Cardiol",2
"World J Clin Cases",2
"World J Stem Cells",2
"Xi Bao Yu Fen Zi Mian Yi Xue Za Zhi",2
"Zhejiang Da Xue Xue Bao Yi Xue Ban",2
"Zhongguo Dang Dai Er Ke Za Zhi",2
"Zhonghua Gan Zang Bing Za Zhi",2
"Zhonghua Xue Ye Xue Za Zhi",2
"Zhonghua Yu Fang Yi Xue Za Zhi",2
"Zhonghua Zhong Liu Za Zhi",2
"ACS Appl Bio Mater",1
"ACS Catal",1
"ACS Cent Sci",1
"ACS Chem Neurosci",1
"ACS Nano",1
"ACS Synth Biol",1
"Acta Cardiol Sin",1
"Acta Cir Bras",1
"Acta Crystallogr E Crystallogr Commun",1
"Acta Endocrinol (Buchar)",1
"Acta Gastroenterol Belg",1
"Acta Haematol",1
"Acta Histochem",1
"Acta Neuropsychiatr",1
"Acta Ophthalmol",1
"Acta Orthop Traumatol Turc",1
"Acta Physiol (Oxf)",1
"Adipocyte",1
"Adv Cancer Res",1
"Adv Clin Exp Med",1
"Adv Nutr",1
"Adv Pharmacol Sci",1
"Adv Protein Chem Struct Biol",1
"Aging Dis",1
"AIDS Behav",1
"AIDS Patient Care STDS",1
"AIDS Res Hum Retroviruses",1
"AIDS Res Ther",1
"AIMS Microbiol",1
"AIMS Neurosci",1
"Aliment Pharmacol Ther",1
"Allergy Asthma Immunol Res",1
"ALTEX",1
"Alzheimers Dement (N Y)",1
"Am J Bioinform Comput Biol",1
"Am J Chin Med",1
"Am J Clin Nutr",1
"Am J Epidemiol",1
"Am J Gastroenterol",1
"Am J Med Genet A",1
"Am J Ophthalmol",1
"Am J Otolaryngol",1
"Am J Psychiatry",1
"Am J Reprod Immunol",1
"Am J Rhinol Allergy",1
"Am J Trop Med Hyg",1
"Anal Biochem",1
"Anat Sci Int",1
"Andrology",1
"Anim Biotechnol",1
"Anim Cells Syst (Seoul)",1
"Anim Genet",1
"Anim Reprod Sci",1
"Ann Am Thorac Soc",1
"Ann Clin Lab Sci",1
"Ann Gastroenterol",1
"Ann Gen Psychiatry",1
"Ann Oncol",1
"Ann Thorac Surg",1
"Ann Vasc Surg",1
"Annu Rev Cell Dev Biol",1
"Annu Rev Immunol",1
"Antimicrob Resist Infect Control",1
"Antonie Van Leeuwenhoek",1
"Appl Biochem Biotechnol",1
"Appl In Vitro Toxicol",1
"Appl Microbiol Biotechnol",1
"Appl Plant Sci",1
"Appl Transl Genom",1
"Aquaculture",1
"Arabidopsis Book",1
"Arch Biochem Biophys",1
"Arch Iran Med",1
"Arch Physiol Biochem",1
"Archaea",1
"Arthritis Rheum",1
"Artif Cells Nanomed Biotechnol",1
"Artif Organs",1
"Assay Drug Dev Technol",1
"Autism Res",1
"Autoimmun Rev",1
"Autoimmune Dis",1
"Autoimmunity",1
"Autom Exp",1
"Balkan J Med Genet",1
"Basic Clin Pharmacol Toxicol",1
"Basic Res Cardiol",1
"BBA Clin",1
"Behav Brain Funct",1
"Behav Res Methods",1
"Behav Sci (Basel)",1
"Benef Microbes",1
"Biochem Soc Trans",1
"Biochim Biophys Acta Gene Regul Mech",1
"Biochim Biophys Acta Mol Basis Dis",1
"Biochim Biophys Acta Mol Cell Res",1
"Biochim Biophys Acta Proteins Proteom",1
"Biochim Open",1
"Bioconjug Chem",1
"BioDrugs",1
"Bioengineering (Basel)",1
"Biol Blood Marrow Transplant",1
"Biol Cell",1
"Biol Chem",1
"Biol Lett",1
"Biol Methods Protoc",1
"Biol Proced Online",1
"Biol Psychol",1
"Biol Rev Camb Philos Soc",1
"Biol Trace Elem Res",1
"Biomark Cancer",1
"Biomark Med",1
"Biomark Res",1
"Biomed Eng Online",1
"Biomed J",1
"Biomed Mater",1
"Biometals",1
"Biometrics",1
"Biometrika",1
"Biomol Concepts",1
"Biomol Detect Quantif",1
"Biomol Ther (Seoul)",1
"Bioorg Chem",1
"Bioorg Med Chem",1
"Bioorg Med Chem Lett",1
"Biopharm Drug Dispos",1
"Bioscience",1
"Biostatistics",1
"Biotechnol Adv",1
"Biotechnol J",1
"Birth Defects Res A Clin Mol Teratol",1
"Bladder Cancer",1
"Blood Cells Mol Dis",1
"BMC Chem Biol",1
"BMC Endocr Disord",1
"BMC Gastroenterol",1
"BMC Health Serv Res",1
"BMC Mol Biol",1
"BMC Musculoskelet Disord",1
"BMC Pediatr",1
"BMC Pregnancy Childbirth",1
"BMC Psychiatry",1
"BMC Public Health",1
"BMC Pulm Med",1
"Br J Clin Pharmacol",1
"Br J Dermatol",1
"Br J Haematol",1
"Br J Radiol",1
"Brain Behav Evol",1
"Brain Struct Funct",1
"Braz J Otorhinolaryngol",1
"Breast Cancer",1
"Breed Sci",1
"Burns Trauma",1
"Can Respir J",1
"Cancer",1
"Cancer Biother Radiopharm",1
"Cancer Cell Microenviron",1
"Cancer Commun (Lond)",1
"Cancer Immunol Res",1
"Cancer Nanotechnol",1
"Cancer Prev Res (Phila)",1
"Cancer Rep (Hoboken)",1
"Cancer Res Treat",1
"Cardiol J",1
"Cardiovasc Res",1
"Cartilage",1
"Case Rep Genet",1
"Cell Calcium",1
"Cell Immunol",1
"Cell Mol Immunol",1
"Cell Mol Neurobiol",1
"Cell Rep Med",1
"Cell Tissue Res",1
"Chem Biol Drug Des",1
"Chem Pharm Bull (Tokyo)",1
"ChemMedChem",1
"Chemometr Intell Lab Syst",1
"Child Dev",1
"Chronic Dis Transl Med",1
"Clin Cardiol",1
"Clin Endocrinol (Oxf)",1
"Clin Exp Allergy",1
"Clin Exp Dermatol",1
"Clin Exp Metastasis",1
"Clin Exp Reprod Med",1
"Clin Exp Rheumatol",1
"Clin Implant Dent Relat Res",1
"Clin Infect Dis",1
"Clin J Am Soc Nephrol",1
"Clin J Pain",1
"Clin Lab",1
"Clin Nutr",1
"Clin Res Cardiol",1
"Clin Respir J",1
"Clin Sci (Lond)",1
"Clin Transl Allergy",1
"Clin Transl Gastroenterol",1
"Clin Transl Immunology",1
"Clinics (Sao Paulo)",1
"Cochrane Database Syst Rev",1
"Cold Spring Harb Mol Case Stud",1
"Cold Spring Harb Perspect Med",1
"Commun Integr Biol",1
"Comp Biochem Physiol A Mol Integr Physiol",1
"Comp Biochem Physiol Part D Genomics Proteomics",1
"Comp Immunol Microbiol Infect Dis",1
"Complement Ther Med",1
"Compr Physiol",1
"Comput Biol Med",1
"Comput Graph Forum",1
"Comput Oper Res",1
"Comput Sci Eng",1
"Comput Toxicol",1
"Congenit Anom (Kyoto)",1
"Connect Tissue Res",1
"Conserv Physiol",1
"Contemp Oncol (Pozn)",1
"Converg Sci Phys Oncol",1
"COPD",1
"CRISPR J",1
"Crit Rev Biochem Mol Biol",1
"Curr Atheroscler Rep",1
"Curr Bioinform",1
"Curr Cancer Drug Targets",1
"Curr Comput Aided Drug Des",1
"Curr Drug Discov Technol",1
"Curr Drug Metab",1
"Curr Genet Med Rep",1
"Curr Issues Mol Biol",1
"Curr Metabolomics",1
"Curr Neuropharmacol",1
"Curr Opin Allergy Clin Immunol",1
"Curr Opin Biotechnol",1
"Curr Opin Cell Biol",1
"Curr Opin Chem Biol",1
"Curr Pharm Biotechnol",1
"Curr Protein Pept Sci",1
"Curr Protoc Cell Biol",1
"Cytoskeleton (Hoboken)",1
"Cytotechnology",1
"Cytotherapy",1
"Dermatol Ther",1
"Dev Comp Immunol",1
"Dev Dyn",1
"Dev Genes Evol",1
"Dev Psychopathol",1
"Diabetes Technol Ther",1
"Diabetes Ther",1
"Differentiation",1
"Discoveries (Craiova)",1
"Diseases",1
"Dongwuxue Yanjiu",1
"Drug Dev Res",1
"Drug Metab Dispos",1
"Econ Syst Res",1
"EGEMS (Wash DC)",1
"Emerg (Tehran)",1
"Endocr Connect",1
"Endocrinol Metab (Seoul)",1
"Environ Int",1
"Environ Microbiol Rep",1
"Environ Pollut",1
"Environ Sci Nano",1
"Environ Toxicol Pharmacol",1
"Epilepsy Behav",1
"ERJ Open Res",1
"ESMO Open",1
"Eur J Clin Microbiol Infect Dis",1
"Eur J Haematol",1
"Eur J Heart Fail",1
"Eur J Integr Med",1
"Eur J Microbiol Immunol (Bp)",1
"Eur J Nutr",1
"Euro Surveill",1
"EXCLI J",1
"Exerc Sport Sci Rev",1
"Exp Anim",1
"Exp Cell Res",1
"Exp Eye Res",1
"Exp Hematol",1
"Expert Rev Anti Infect Ther",1
"Expert Rev Clin Pharmacol",1
"Expert Rev Vaccines",1
"FEBS J",1
"FEMS Microbiol Rev",1
"Fish Shellfish Immunol",1
"Food Chem Toxicol",1
"Free Radic Biol Med",1
"Front Biol (Beijing)",1
"Front Biosci (Landmark Ed)",1
"Front Med",1
"Front Neural Circuits",1
"Front Public Health",1
"Fungal Genet Biol",1
"Future Microbiol",1
"G Ital Dermatol Venereol",1
"Gastric Cancer",1
"Gen Comp Endocrinol",1
"Gen Physiol Biophys",1
"Genes Genet Syst",1
"Genesis",1
"Genet Program Evolvable Mach",1
"Genet Res (Camb)",1
"Genom Comput Biol",1
"Genome Inform",1
"Genome Integr",1
"Genomic Med",1
"Glycobiology",1
"Graefes Arch Clin Exp Ophthalmol",1
"Gut Liver",1
"Gynecol Obstet Invest",1
"Head Neck",1
"Health Technol (Berl)",1
"Healthc Policy",1
"Helicobacter",1
"Hematol Transfus Cell Ther",1
"Hematology",1
"Hepatobiliary Surg Nutr",1
"Hepatol Int",1
"Hepatol Res",1
"High Throughput",1
"Hippokratia",1
"HIV AIDS (Auckl)",1
"Horm Cancer",1
"Horm Res Paediatr",1
"Hua Xi Kou Qiang Yi Xue Za Zhi",1
"Hum Antibodies",1
"Hum Exp Toxicol",1
"Hum Genome Var",1
"Hypertens Pregnancy",1
"IEEE Comput Graph Appl",1
"IEEE Open J Eng Med Biol",1
"IEEE Trans Comput Soc Syst",1
"Immun Ageing",1
"Immun Inflamm Dis",1
"Immunol Invest",1
"Immunology",1
"Implement Sci",1
"Indian J Med Res",1
"Indian J Ophthalmol",1
"Infect Agent Cancer",1
"Infect Genet Evol",1
"Insect Mol Biol",1
"Insights Cancer Res",1
"Int Heart J",1
"Int J Cell Biol",1
"Int J Clin Exp Physiol",1
"Int J Dermatol",1
"Int J Hematol Oncol Stem Cell Res",1
"Int J Hyperthermia",1
"Int J Mol Cell Med",1
"Int J Nephrol Renovasc Dis",1
"Int J Neuropsychopharmacol",1
"Int J Obes (Lond)",1
"Int J Parasitol Drugs Drug Resist",1
"Int J Pediatr Otorhinolaryngol",1
"Int J Physiol Pathophysiol Pharmacol",1
"Int J Psychophysiol",1
"Int J Radiat Biol",1
"Int J Sports Med",1
"Int Neurourol J",1
"Int Ophthalmol",1
"Int Rev Neurobiol",1
"Int Urol Nephrol",1
"Integr Comp Biol",1
"Integr Food Nutr Metab",1
"Intell Inf Manag",1
"Intensive Care Med",1
"Intensive Care Med Exp",1
"Interface Focus",1
"Intest Res",1
"Ir J Med Sci",1
"Iran J Biotechnol",1
"Iran J Cancer Prev",1
"Iran J Public Health",1
"Iran Red Crescent Med J",1
"ISRN Neurol",1
"Ital J Pediatr",1
"J Acquir Immune Defic Syndr",1
"J Am Stat Assoc",1
"J Anesth",1
"J Anim Ecol",1
"J Anim Sci Technol",1
"J Appl Microbiol",1
"J Appl Phycol",1
"J Appl Toxicol",1
"J Asthma Allergy",1
"J Atheroscler Thromb",1
"J Ayurveda Integr Med",1
"J Big Data",1
"J Biol Inorg Chem",1
"J Biomol Screen",1
"J Biomol Tech",1
"J Biosci",1
"J Biotechnol",1
"J Bone Metab",1
"J Cancer Prev",1
"J Cardiothorac Surg",1
"J Chem Ecol",1
"J Chem Phys",1
"J Child Psychol Psychiatry",1
"J Clin Sleep Med",1
"J Comput Chem",1
"J Comput Sci Technol",1
"J Crohns Colitis",1
"J Curr Glaucoma Pract",1
"J Dent Res",1
"J Diabetes Metab Disord",1
"J Drug Metab Toxicol",1
"J Environ Manage",1
"J Enzyme Inhib Med Chem",1
"J Evol Biol",1
"J Exp Biol",1
"J Funct Foods",1
"J Gen Physiol",1
"J Genet Genomics",1
"J Genomics",1
"J Gynecol Oncol",1
"J Headache Pain",1
"J Healthc Eng",1
"J Hepatocell Carcinoma",1
"J Hepatol",1
"J Huazhong Univ Sci Technolog Med Sci",1
"J Hum Kinet",1
"J Hypertens",1
"J Immunobiol",1
"J Infect",1
"J Inflamm Res",1
"J Inherit Metab Dis",1
"J Innate Immun",1
"J Insect Physiol",1
"J Insect Sci",1
"J Int AIDS Soc",1
"J Integr Med",1
"J Integr OMICS",1
"J Intern Med",1
"J Invest Surg",1
"J Korean Med Sci",1
"J Leukoc Biol",1
"J Lipids",1
"J Mass Spectrom",1
"J Matern Fetal Neonatal Med",1
"J Maxillofac Oral Surg",1
"J Med Imaging (Bellingham)",1
"J Microbiol Immunol Infect",1
"J Mol Diagn",1
"J Mol Graph Model",1
"J Nanobiotechnology",1
"J Nat Med",1
"J Neurogastroenterol Motil",1
"J Neurogenet",1
"J Neuromuscul Dis",1
"J Neuropathol Exp Neurol",1
"J Neurophysiol",1
"J Neurosci Methods",1
"J Neurosurg Sci",1
"J Neurovirol",1
"J Nucleic Acids",1
"J Obstet Gynaecol",1
"J Occup Environ Med",1
"J Oncol Pract",1
"J Ophthalmol",1
"J Oral Microbiol",1
"J Oral Pathol Med",1
"J Org Chem",1
"J Orthop Res",1
"J Pathol Inform",1
"J Pediatr Gastroenterol Nutr",1
"J Pediatr Urol",1
"J Pers Med",1
"J Pharm Anal",1
"J Pharm Bioallied Sci",1
"J Pharm Sci",1
"J Pharmacokinet Pharmacodyn",1
"J Phycol",1
"J Proteom Genom Res",1
"J Proteome Sci Comput Biol",1
"J Proteomics Bioinform",1
"J Psychiatr Res",1
"J Psychopharmacol",1
"J Recept Signal Transduct Res",1
"J Reprod Dev",1
"J Rheumatol",1
"J Sci Food Agric",1
"J Sex Med",1
"J Signal Transduct",1
"J Spinal Disord Tech",1
"J Sport Health Sci",1
"J Stroke Cerebrovasc Dis",1
"J Struct Biol",1
"J Tissue Eng Regen Med",1
"J Toxicol Sci",1
"J Trauma Acute Care Surg",1
"J Venom Anim Toxins Incl Trop Dis",1
"J Viral Hepat",1
"JAKSTAT",1
"JAMA Cardiol",1
"JAMA Netw Open",1
"JAMA Neurol",1
"JAMA Pediatr",1
"JAMIA Open",1
"JCO Clin Cancer Inform",1
"JMIR Mhealth Uhealth",1
"JNCI Cancer Spectr",1
"Jpn J Clin Oncol",1
"Jpn J Infect Dis",1
"Kidney Cancer",1
"Kidney Int Rep",1
"Lancet Gastroenterol Hepatol",1
"Learn Mem",1
"Leuk Res Rep",1
"Liver Cancer",1
"Lung Cancer Manag",1
"Lupus",1
"Mamm Genome",1
"Mass Spectrom Rev",1
"Mater Today Bio",1
"Matrix Biol",1
"Med (N Y)",1
"Med Oral Patol Oral Cir Bucal",1
"Med Sci Sports Exerc",1
"Medchemcomm",1
"Medicina (Kaunas)",1
"Medicines (Basel)",1
"Membranes (Basel)",1
"Meta Gene",1
"Metabolism",1
"MethodsX",1
"Microarrays (Basel)",1
"Microb Ecol",1
"Microbiol Spectr",1
"Microcirculation",1
"MicroPubl Biol",1
"Microrna",1
"Mol Biol (Mosk)",1
"Mol Biol Int",1
"Mol Biol Res Commun",1
"Mol Cell Neurosci",1
"Mol Cell Oncol",1
"Mol Cell Ther",1
"Mol Diagn Ther",1
"Mol Ecol Resour",1
"Mol Genet Metab Rep",1
"Mol Immunol",1
"Mol Neuropsychiatry",1
"Mol Pharm",1
"Mol Reprod Dev",1
"Mol Syndromol",1
"Mol Ther Methods Clin Dev",1
"Mov Disord",1
"Mult Scler",1
"Nano Lett",1
"Nat Cancer",1
"Nat Plants",1
"Nat Prod Bioprospect",1
"Nat Prod Rep",1
"Nat Rev Cancer",1
"Nat Rev Cardiol",1
"Nat Rev Clin Oncol",1
"Nat Sci Sleep",1
"Natl Sci Rev",1
"Nephron Exp Nephrol",1
"Neuro Endocrinol Lett",1
"Neurobiol Learn Mem",1
"Neuroendocrinology",1
"Neuroinformatics",1
"Neurol Genet",1
"Neurol Res",1
"Neurol Sci",1
"Neurology",1
"Neuropharmacology",1
"Neuroradiology",1
"Neurosci Lett",1
"Neurospine",1
"NPJ Aging Mech Dis",1
"NPJ Precis Oncol",1
"Nucl Recept Signal",1
"Nucleus",1
"Nutr Diabetes",1
"Obes Sci Pract",1
"Obes Surg",1
"Obesity (Silver Spring)",1
"Oncol Res",1
"Oncol Rev",1
"Open Heart",1
"Open Med (Wars)",1
"Open Neurol J",1
"Open Parasitol J",1
"Open Virol J",1
"Oral Dis",1
"Oral Oncol",1
"Org Chem Front",1
"Org Lett",1
"Pancreatology",1
"Parasitol Int",1
"Pathobiology",1
"Pathog Dis",1
"Pediatr Nephrol",1
"Pediatr Rheumatol Online J",1
"Periodontol 2000",1
"Pharmacogenomics",1
"Pharmacogn Mag",1
"Pharmacol Res",1
"Pharmacol Ther",1
"Pharmazie",1
"Pharmgenomics Pers Med",1
"Phytobiomes J",1
"Phytochem Anal",1
"Phytochem Rev",1
"Phytother Res",1
"Pigment Cell Melanoma Res",1
"Placenta",1
"Plant Biotechnol (Tokyo)",1
"Plant Cell Environ",1
"Plant Cell Rep",1
"Plant Reprod",1
"Pol J Microbiol",1
"Porto Biomed J",1
"Poult Sci",1
"PPAR Res",1
"Prikl Biokhim Mikrobiol",1
"Prion",1
"Proc IEEE Int Symp Bioinformatics Bioeng",1
"Prog Biophys Mol Biol",1
"Prog Neuropsychopharmacol Biol Psychiatry",1
"Prostate",1
"Protein Eng Des Sel",1
"Psychiatry Res",1
"Psychoneuroendocrinology",1
"Purinergic Signal",1
"Quant Biol",1
"Radiol Oncol",1
"Rapid Commun Mass Spectrom",1
"Recent Pat Anticancer Drug Discov",1
"Reprod Domest Anim",1
"Reproduction",1
"Res Eval",1
"Rev Diabet Stud",1
"Rheumatol Int",1
"Rheumatology (Oxford)",1
"Schizophr Res",1
"Sci Immunol",1
"Scientometrics",1
"Seizure",1
"Shock",1
"SLAS Discov",1
"Sleep Breath",1
"Sleep Disord",1
"Sleep Med",1
"Small GTPases",1
"Sociol Sci",1
"Spine (Phila Pa 1976)",1
"Stat Appl Genet Mol Biol",1
"Stat Biosci",1
"Stem Cells Cloning",1
"Stroke",1
"Stud Health Technol Inform",1
"Summit Transl Bioinform",1
"Sustain Chem Pharm",1
"Synth Syst Biotechnol",1
"Syst Biol Reprod Med",1
"Syst Med (New Rochelle)",1
"Technol Health Care",1
"Technology (Singap World Sci)",1
"Theor Appl Genet",1
"Ther Adv Med Oncol",1
"Ther Adv Ophthalmol",1
"Ther Adv Respir Dis",1
"Ther Innov Regul Sci",1
"Thromb Haemost",1
"Thyroid",1
"Tissue Eng Part C Methods",1
"Tissue Eng Regen Med",1
"Toxicol Lett",1
"Toxicol Rep",1
"Traffic",1
"Transbound Emerg Dis",1
"Transcription",1
"Transfusion",1
"Transplant Direct",1
"Transplantation",1
"Trees (Berl West)",1
"Trends Biochem Sci",1
"Trends Ecol Evol",1
"Trends Microbiol",1
"Trends Parasitol",1
"Tuberculosis (Edinb)",1
"Turk J Haematol",1
"Turk J Med Sci",1
"Urol J",1
"Vaccine",1
"Vet Immunol Immunopathol",1
"Vet Med Sci",1
"Vet Sci",1
"Virus Evol",1
"Virusdisease",1
"Vox Sang",1
"Wien Med Wochenschr",1
"World J Biol Chem",1
"World J Biol Psychiatry",1
"World J Pediatr",1
"World J Transplant",1
"World J Urol",1
"Wound Repair Regen",1
"Yonsei Med J",1
"Zebrafish",1
"Zhong Nan Da Xue Xue Bao Yi Xue Ban",1
"Zhongguo Shi Yan Xue Ye Xue Za Zhi",1
"Zhongguo Yi Xue Ke Xue Yuan Xue Bao",1
"Zhonghua Jie He He Hu Xi Za Zhi",1
"Zhonghua Kou Qiang Yi Xue Za Zhi",1
"Zhonghua Yi Xue Za Zhi",1
"Zoo Biol",1
